country,1950,1951,1952,1953,1954,1955,1956,1957,1958,1959,1960,1961,1962,1963,1964,1965,1966,1967,1968,1969,1970,1971,1972,1973,1974,1975,1976,1977,1978,1979,1980,1981,1982,1983,1984,1985,1986,1987,1988,1989,1990,1991,1992,1993,1994,1995,1996,1997,1998,1999,2000,2001,2002,2003,2004,2005,2006,2007,2008,2009,2010
Afghanistan,,,,,,,,,,,,,,,,,,,,,1040,982,930,995,1060,1090,1160,1170,1210,1150,1140,1290,1420,1510,1500,1470,1510,1370,1240,1130,1090,970,902,601,432,619,570,527,491,454,427,406,615,704,697,776,799,894,894,1020,1050
Angola,,,,,,,,,,,,,,,,,,,,,2370,2450,2390,2530,2620,2530,2380,2310,2140,2100,2050,2000,1870,1900,1970,1980,1820,1920,2010,1990,1940,1870,1980,1610,1740,1920,2580,2190,2400,2400,2330,2190,2490,2460,2600,3060,3600,4470,4970,5170,5110
Albania,,,,,,,,,,,,,,,,,,,,,2890,2930,2970,3050,3100,3160,3210,3250,3340,3400,3380,3630,3610,3560,3400,3450,3620,3620,3500,3700,3230,2340,2300,2520,2680,2990,3230,3080,2960,3300,3420,3530,3630,4060,4560,4940,5400,5900,6610,6790,6620
United Arab Emirates,,,,,,,,,,,,,,,,,,,,,,,,,,,,,,,,,,,,,59.9k,59.3k,54.3k,57.9k,64.2k,60.8k,59k,56.1k,57.1k,58.4k,59.6k,61.5k,58.6k,57.8k,61.7k,60k,58.4k,60.4k,62.4k,62.6k,65.9k,65.4k,64.2k,61.1k,60.1k
Argentina,5270,5480,5040,5170,5250,5530,5530,5690,5980,5560,6030,6150,6100,5780,6160,6690,6610,6710,6930,7480,7620,7820,7820,7930,8210,8050,7930,8380,7920,8390,8490,7880,7600,7770,7660,7010,7620,7690,7530,6900,6940,7420,7850,8170,8510,8330,8640,9150,9400,9060,8900,8550,7920,8440,8980,9670,10.3k,11k,11.5k,11.6k,12.3k
Armenia,,,,,,,,,,,,,,,,,,,,,,,,,,,,,,,,,,,,,,,,,,,,1610,1720,1920,2030,2040,2210,2300,2520,2840,3190,3480,3940,4450,4970,5500,5630,5250,5410
Antigua and Barbuda,,,,,,,,,,,,,,,,,,,,,4590,4890,5200,5570,5770,5430,4840,5400,5400,5630,6570,6710,6660,7670,8410,9020,9740,9950,10.8k,11.5k,11.7k,11.7k,11.5k,11.9k,12.9k,12.6k,13.2k,13.3k,13.7k,14.3k,13.9k,14.1k,14.8k,14.2k,15k,15k,16k,17.7k,16.8k,15.2k,14.5k
Australia,13k,13.3k,11.6k,12.9k,13.9k,14.1k,13.6k,13.6k,14.4k,15k,15.2k,14.8k,15.5k,16.3k,17.1k,17.2k,18k,18.7k,19.5k,20.4k,20.7k,20.9k,20.9k,21.4k,19.2k,19.5k,20.1k,20.3k,21.1k,21.4k,21.9k,22.4k,21.8k,22.5k,23.3k,24.2k,24.6k,25.6k,26.1k,26.6k,26.2k,26.3k,27k,27.6k,28.6k,29.5k,30.4k,31.5k,32.8k,33.8k,34.1k,35k,35.8k,37k,37.6k,38.4k,39.3k,40.3k,40.4k,40.8k,41.1k
Austria,6220,6630,6570,6750,7330,8090,8340,8860,9190,9450,10.6k,11.1k,11.2k,11.6k,12.3k,12.6k,13.2k,13.5k,14k,14.8k,15.7k,16.5k,17.5k,18.3k,18.9k,18.9k,19.8k,20.9k,20.5k,22.2k,22.4k,22.4k,22.6k,23.2k,23.4k,24.2k,24.5k,25k,25.8k,26.7k,27.5k,28k,28.1k,28.3k,28.6k,29.4k,29.9k,30.6k,31.7k,32.7k,33.6k,33.8k,34.3k,34.6k,35.2k,36.1k,37.4k,38.8k,39.3k,37.6k,38.6k
Azerbaijan,,,,,,,,,,,,,,,,,,,,,,,,,,,,,,,,,,,,,,,,,,,,3120,2500,1810,1770,1850,2020,2360,2530,2770,3020,3380,3790,4660,5980,7340,8070,8830,9480
Burundi,,,,,,,,,,,348,291,312,333,327,344,344,379,375,357,441,438,438,460,439,454,487,529,534,514,495,509,518,524,505,547,547,563,568,571,591,604,600,582,536,460,422,403,418,399,389,384,396,378,379,373,376,394,398,396,396
Belgium,7970,8190,8310,8490,8870,9160,9440,9560,9320,9620,10.2k,10.7k,11.2k,11.6k,12.4k,12.6k,13k,13.4k,13.9k,14.8k,15.7k,16.2k,16.9k,18.1k,18.9k,18.4k,19.4k,19.6k,20.1k,20.7k,21.6k,21.1k,21.2k,21k,21.6k,21.9k,22.4k,22.9k,24.2k,25.1k,26.1k,26.4k,26.7k,26.3k,27.2k,27.8k,28.1k,29.1k,29.7k,30.6k,31.7k,31.8k,32k,32.2k,33.3k,33.9k,34.8k,35.9k,36.2k,34.8k,35.6k
Benin,,,,,,,,,,715,745,738,694,715,730,751,758,788,808,832,827,825,887,895,934,860,810,818,781,850,898,913,1120,1030,1030,1070,1120,1050,1040,948,1020,1030,1020,1030,950,1040,1040,1070,1070,1090,1100,1140,1150,1160,1160,1140,1160,1170,1180,1190,1180
Burkina Faso,,,,,,,,,,525,518,451,472,461,464,460,455,488,504,508,511,500,607,570,594,617,592,626,678,675,652,676,676,624,592,635,660,641,657,650,628,665,641,642,640,648,693,719,747,765,753,770,768,797,808,849,877,884,911,897,930
Bangladesh,,,,,,,,,,834,854,786,817,843,799,765,761,675,693,704,745,739,649,649,675,629,658,633,671,682,679,652,645,651,678,690,697,706,713,740,761,778,796,794,829,819,801,854,882,890,908,936,1000,1030,1060,1090,1130,1170,1230,1300,1370
Bulgaria,,,,,,,,,,,,,,,,,,,,,2780,2960,3170,3410,3650,3950,4190,4430,4670,5000,5230,5450,5590,5790,5950,6110,6290,6720,7390,7160,6700,7370,6830,6440,6460,6690,6140,5950,6120,6210,6590,6940,7320,7790,8360,8900,9500,10.2k,10.8k,10.4k,10.6k
Bahrain,,,,,,,,,,,,,,,,,,,,,21.8k,21.8k,23.6k,25.9k,27k,23.1k,30.2k,30.4k,28.5k,28.9k,29.9k,26.3k,22.9k,24.2k,24.6k,18.5k,17.3k,16.7k,17.9k,18.3k,18.2k,19k,20.1k,19.8k,20.2k,19.4k,19.6k,20k,20.8k,19.7k,20.8k,20.8k,22k,21.8k,22k,22k,22.8k,24k,24.6k,23.1k,23.1k
Bahamas,,,,,,,,,,,,,,,,,,,,,22.9k,22.8k,21.5k,22.6k,18.5k,15.5k,15.7k,17.3k,19k,22k,23.4k,21.4k,22.5k,23.3k,25.5k,26.6k,26.6k,26.9k,26.9k,29.1k,28.1k,26.6k,25.3k,24.5k,24.8k,25.8k,26.8k,27.9k,29.6k,30.3k,31.4k,31.7k,32.1k,31.4k,31.4k,32.4k,33.2k,33.3k,32.3k,30.2k,30.1k
Bosnia and Herzegovina,,,,,,,,,,,,,,,,,,,,,,,,,,,,,,,,,,,,,,,,,1150,1030,1020,1070,1210,1610,2850,3650,3990,4300,4400,4480,4590,4670,4630,4830,5220,5670,6020,5880,5940
Belarus,,,,,,,,,,,,,,,,,,,,,,,,,,,,,,,,,,,,,,,,,,,,,4710,4230,4330,4990,5280,5680,6150,6820,7280,7690,8220,9180,9800,10.9k,12.1k,12.4k,13.5k
Belize,,,,,,,,,,,,,,,,,,,,,4030,4210,4300,4190,4510,4390,4330,4510,4440,5000,5400,5120,4910,4670,4640,4420,4840,5140,5430,6030,6520,6460,6500,7040,7160,7440,7320,7230,7120,7240,7750,7910,8480,8700,9060,8980,9490,9200,9260,9160,9060
Bermuda,,,,,,,,,,,,,,,,,,,,,24.7k,25.2k,25.6k,25.9k,26.2k,25.9k,27.5k,27.8k,28.4k,30.4k,31.5k,29.9k,31k,31.1k,31.1k,32.2k,33k,34.3k,34.9k,34.6k,33.4k,32.9k,32k,32.8k,33.1k,34k,35k,35.8k,37.6k,37.3k,35k,34.5k,41.9k,42.9k,44.2k,46.1k,48.6k,50.3k,49.8k,45.5k,45.9k
Bolivia,3130,3300,3250,2740,2720,2850,2670,2640,2560,2600,2610,2640,2660,2800,2860,2960,3100,3290,2760,2780,2690,2740,2830,2950,2990,3110,3260,3340,3290,3250,3180,3140,2980,2770,2710,2650,2550,2590,2620,2680,2720,2780,2760,2810,2890,2950,3000,3050,3100,3090,3120,3130,3130,3170,3260,3310,3420,3500,3610,3660,3740
Brazil,1700,1740,1850,1870,1980,2040,2040,2200,2260,2380,2470,2740,2800,2880,2930,3060,3090,3160,3430,3570,3850,4210,4600,5100,5420,5520,6010,6090,6240,6540,6940,6370,6290,5910,6000,6140,6750,6760,6540,6490,6160,6120,6010,6120,6380,6650,6690,6820,6710,6630,6830,6820,6860,6820,7120,7230,7430,7790,8090,7980,8330
Barbados,,,,,,,,,,,16.4k,16.6k,17.1k,16.9k,16.9k,17.6k,18.2k,20.2k,21.5k,24.4k,27.3k,26.6k,26.6k,26.6k,24.5k,26.4k,24k,23.5k,23.6k,24.4k,24.6k,25.1k,22.8k,22.1k,22.2k,22k,23.8k,25.3k,25.7k,26.9k,26.1k,24.7k,22.1k,22.6k,23k,23.6k,23.9k,25.9k,27.2k,28.2k,28.2k,27.1k,26.3k,26.4k,28.2k,28.6k,28.9k,30k,30.1k,28k,28.1k
Brunei,,,,,,,,,,,,,,,,,,,,,51.6k,52.5k,56.5k,60.7k,62.1k,64.7k,74.9k,80k,82.7k,98k,87.2k,68k,69.4k,67.5k,65.6k,58.9k,52.5k,50k,50.7k,48.9k,46.9k,47.1k,48.3k,49.4k,48.8k,51.1k,53.9k,49.4k,44.4k,46.2k,48.1k,48.8k,50.2k,50.7k,50.7k,48.8k,50.5k,47.9k,44.4k,43.4k,44.5k
Bhutan,,,,,,,,,,,,,,,,,,,,,1050,1040,1010,992,1000,935,986,1020,1050,1080,1070,1160,1230,1310,1280,1250,1330,1510,1320,1510,1510,1440,1410,1760,1660,1890,1940,2140,2140,2340,2330,2810,2990,3140,3110,3040,3310,3500,3410,3840,3950
Botswana,,,,,,,,,,,682,730,781,803,849,734,858,1030,1210,1080,1390,1780,2210,2530,2510,2510,2520,2630,2930,3200,3410,3410,3490,3790,4100,4240,4430,4480,5320,6400,6640,6640,6520,6450,6320,6670,6730,6970,7230,7920,8700,8370,8950,9060,9850,9440,9810,10.5k,10.8k,9280,9670
Central African Republic,,,,,,,,,,,962,1020,970,945,967,961,947,1050,991,989,1010,933,882,918,888,853,822,873,868,835,788,861,859,765,814,823,841,740,744,733,678,651,612,589,588,600,556,579,579,607,606,596,582,528,533,532,516,528,537,521,587
Canada,11.2k,11.7k,12.3k,12.4k,11.9k,12.4k,13.1k,12.8k,12.8k,12.9k,12.9k,13k,13.6k,14.1k,14.8k,15.4k,16.1k,16.3k,16.9k,17.6k,17.7k,18.6k,19.3k,20.4k,20.8k,20.9k,21.7k,22.3k,22.9k,23.5k,23.6k,23.8k,22.7k,23.3k,24.5k,25.4k,25.9k,26.8k,27.7k,28k,27.6k,26.5k,26.5k,26.9k,28k,28.5k,28.7k,29.7k,30.7k,32.1k,33.6k,33.8k,34.5k,34.9k,35.8k,36.6k,37.4k,37.9k,37.8k,36.3k,37.1k
Switzerland,14.9k,16k,15.6k,16k,16.9k,17.9k,19k,19.3k,18.4k,19.8k,21k,22.2k,22.7k,23.2k,24.2k,24.6k,25.1k,25.6k,26.4k,27.6k,29.4k,29.9k,30.4k,31k,31.7k,28.8k,28.9k,30.2k,30k,31k,30k,30.1k,29.5k,29.6k,30.4k,31.2k,31.7k,31.9k,32.6k,33.6k,34.3k,33.5k,33.1k,32.7k,33k,33k,33k,33.6k,34.5k,34.7k,35.8k,36k,35.9k,35.5k,36.2k,37k,38.2k,39.4k,40k,39.1k,40k
Chile,,3220,3280,3550,3230,3360,3330,3490,3550,3390,3700,3750,3850,3990,3980,3880,4190,4220,4330,4440,4470,4760,4600,4280,4350,3630,3690,4020,4310,4660,4970,5200,4310,4080,4280,4270,4440,4670,4940,5420,5530,5870,6530,6900,7240,7970,8500,8980,9180,9020,9340,9580,9660,9940,10.5k,11.1k,11.5k,12k,12.4k,11.8k,12.5k
China,,,531,559,559,576,611,639,747,789,772,623,585,616,683,731,771,716,670,734,819,841,842,884,881,926,882,919,1010,1060,1090,1140,1220,1280,1410,1490,1570,1680,1730,1710,1720,1800,1930,2040,2240,2560,2630,2870,2870,3000,3170,3370,3750,4050,4460,4800,5330,5960,6500,7080,7750
Cote d'Ivoire,,,,,,,,,,,959,1030,1020,1090,1220,1140,1210,1210,1320,1350,1400,1460,1460,1460,1450,1510,1630,1660,1750,1730,1510,1500,1560,1600,1560,1580,1590,1540,1500,1660,1560,1480,1440,1370,1330,1380,1450,1480,1520,1530,1480,1410,1340,1310,1300,1300,1290,1280,1300,1270,1280
Cameroon,,,,,,,,,,,1420,1420,1430,1460,1480,1510,1550,1350,1420,1440,1480,1550,1550,1560,1650,1820,1680,1900,2230,2280,2120,2210,2280,2380,2480,2420,2220,2020,1910,1860,1780,1660,1580,1500,1440,1450,1510,1550,1580,1610,1640,1660,1690,1720,1740,1740,1760,1780,1760,1750,1750
"Congo, Dem. Rep.",521,619,680,746,757,791,811,793,734,695,691,608,682,766,743,732,753,709,696,770,738,826,796,818,820,735,668,739,597,634,670,639,586,606,642,641,637,636,619,610,468,422,364,303,280,274,259,242,229,206,180,187,202,182,196,208,214,222,231,231,241
"Congo, Rep.",,,,,,,,,,,1000,1130,1070,985,989,1000,1030,1110,1180,1260,1350,1440,1510,1870,1860,1610,1650,1480,1550,1730,1880,2110,2510,2670,2800,2620,2390,2370,2420,2430,2440,2130,2220,2110,2010,2130,2230,2240,2340,2230,2260,2160,2150,2060,2050,2180,2230,1990,2080,2130,2250
Colombia,2620,2580,2670,2770,2910,2940,2920,2860,2790,2870,2940,3030,3080,3080,3240,3150,3260,3260,3380,3520,3670,3800,3940,4090,4270,4220,4370,4500,4790,4910,5030,5090,5050,4980,4990,4960,5080,5220,5330,5350,5420,5370,5570,5790,5950,6150,6090,6160,6080,5680,5800,5830,5900,6050,6290,6490,6830,7210,7350,7390,7530
Comoros,,,,,,,,,,,745,803,908,977,1050,1020,1110,1230,1180,1120,1200,1220,1210,1260,1270,1310,1270,1220,1220,1300,1370,1360,1420,1440,1510,1460,1420,1410,1390,1320,1280,1230,1220,1190,1090,1170,1100,1080,1040,1020,946,980,1000,976,937,940,927,909,872,852,856
Cape Verde,,,,,,,,,,,854,940,777,634,663,677,812,871,943,1020,1120,1160,1170,1190,1210,995,1010,949,1030,1050,1080,1150,1210,1300,1310,1400,1460,1480,1500,1580,1580,1530,1580,1640,1780,1810,1900,1980,2060,2310,2350,2450,2580,2630,2780,2850,3100,3470,3700,3680,3910
Costa Rica,3430,3440,3750,4220,4260,4540,4350,4470,4790,4770,4950,4780,4940,5080,5140,5520,5680,5790,5960,6090,6390,6590,6800,7070,7270,7250,7470,8010,8170,8310,8240,7530,6750,6800,7080,7020,7210,7210,7190,7300,7340,7160,7600,7940,8060,8090,7920,8160,8550,8900,8870,8910,9020,9360,9590,9940,10.6k,11.2k,11.5k,11.2k,11.5k
Cuba,,,,,,,,,,,,,,,,,,,,,4470,4780,4920,4990,4960,5350,5560,5970,6300,6330,6030,7170,7780,8140,8720,8570,8630,8590,8770,8760,8280,7800,6900,6130,6170,6140,6370,6510,6560,6930,7190,7430,7620,8020,8370,8950,10.1k,10.7k,10.9k,11.3k,11.5k
Cyprus,2600,2620,2850,3130,3240,3360,3790,4010,3520,3680,3320,3590,4080,4190,3650,4420,4660,5150,5380,5950,5960,6500,6750,6820,5430,4640,5690,7010,7750,8440,8950,9010,9390,9740,10.4k,10.6k,10.7k,11.4k,12.6k,13.4k,13.9k,13.7k,14.5k,13.9k,14.4k,15.6k,15.4k,15.4k,15.9k,16.4k,17.1k,17.4k,17.6k,17.5k,18k,18.2k,18.6k,19.3k,19.7k,18.9k,18.8k
Czech Republic,,,,,,,,,,,,,,,,,,,,,,,,,,,,,,,,,,,,,,,,,15.7k,13.5k,13.7k,13.8k,14.3k,15.1k,15.8k,15.8k,15.7k,16k,16.6k,17.1k,17.6k,18.3k,19.1k,20.4k,21.8k,23k,23.8k,22.7k,23.4k
Germany,,,,,,,,,,,,,,,,,,,,,16.5k,16.9k,17.6k,18.3k,18.2k,18.3k,19.3k,19.9k,20.6k,21.5k,21.7k,21.5k,21.4k,21.8k,22.4k,22.9k,23.6k,24k,24.8k,25.4k,26.5k,27.6k,28k,27.5k,28.1k,28.5k,28.6k,29k,29.6k,30.1k,31k,31.4k,31.2k,31.1k,31.4k,31.7k,32.9k,34.1k,34.6k,32.7k,34.1k
Djibouti,,,,,,,,,,,,,,,,,,,,,4790,4870,4810,4820,4440,4710,4880,4080,3430,3350,3190,3100,2870,2750,2780,2770,2730,2610,2560,2390,2130,1800,1980,2000,2080,2200,2060,1990,1830,2030,1980,1810,1800,1870,2010,2010,2140,2100,2090,2270,2410
Dominica,,,,,,,,,,,,,,,,,,,,,1880,2020,2080,2240,2360,2380,2470,2600,2920,2550,2850,3160,3180,3210,3420,3510,3690,4030,4380,4470,4660,4810,4960,4950,5030,5010,4980,5090,5560,5580,5640,5570,5400,5770,5930,5930,6180,6530,6950,6970,7350
Denmark,8940,8650,8760,9270,9660,9500,9670,10k,10.2k,11k,11.6k,12.3k,12.9k,12.9k,14k,14.5k,14.8k,15.6k,16.4k,17.4k,17.7k,18k,18.5k,19.4k,19k,18.7k,20k,20.3k,20.7k,21.5k,21.3k,21k,21.8k,22.3k,23.3k,24.4k,25.8k,25.7k,25.7k,25.9k,26.2k,26.4k,26.8k,26.6k,28.1k,29k,29.6k,30.6k,31.3k,31.9k,33.1k,33.2k,33.3k,33.2k,33.9k,34.7k,35.9k,36.3k,35.9k,33.4k,33.7k
Dominican Republic,,1790,1880,1820,1880,1910,2030,2060,2100,2170,2320,2200,2540,2630,2710,2360,2520,2480,2400,2550,2900,3150,3430,3760,3700,3850,4150,4230,4220,4220,4370,4540,4650,4760,4750,4500,4530,4900,4870,5000,4710,4670,5120,5400,5470,5610,5880,6290,6730,7010,7280,7310,7600,7230,7230,7900,8680,9310,9740,9870,10.5k
Algeria,,,,,,,,,,,4070,3900,2480,3020,3200,3380,3090,3360,3610,3790,4050,3450,4240,4190,4000,4080,4220,4410,4750,5170,4870,4760,4970,5070,5200,5210,5220,5170,5020,5030,5000,4900,4840,4640,4490,4570,4730,4700,4890,4960,4990,5070,5250,5550,5760,5990,6000,6110,6180,6180,6260
Ecuador,,2070,2140,2230,2380,2400,2410,2440,2400,2470,2580,2550,2550,2580,2700,2690,2670,2810,2850,2810,2920,3070,3230,3800,4070,4270,4450,4710,4930,4990,5130,5070,5070,4610,4640,4710,4720,4350,4600,4500,4430,4670,4740,4710,4820,4800,4780,4870,4890,4490,4630,4820,4960,5010,5310,5520,5690,5740,6070,5970,6230
Egypt,815,791,831,851,802,780,781,796,857,873,924,934,930,940,1070,1090,1070,1070,1100,1140,1170,1200,1230,1190,1150,1100,1080,1270,1300,1390,1450,1440,1550,1810,1940,2030,2040,2210,2330,2430,2540,2680,2870,2970,3030,3120,3230,3270,3390,3530,3660,3730,3760,3810,3890,3970,4170,4340,4560,4710,4850
Eritrea,,,,,,,,,,,,,,,,,,,,,,,,,,,,,,,,,,,,,,,,,,,632,695,789,822,816,820,918,917,816,808,788,763,710,705,654,652,584,578,587
Spain,3810,4410,4580,4390,4950,5210,5560,5760,5960,5740,6330,7100,7810,8520,8900,9440,10.1k,10.4k,10.9k,11.8k,12.2k,12.5k,13.5k,14.5k,15.3k,15.1k,15.5k,15.6k,15.5k,15.5k,15.7k,15.5k,15.6k,15.7k,15.9k,16.2k,16.8k,17.7k,18.6k,19.5k,20.2k,20.7k,20.8k,20.4k,20.9k,21.5k,22k,22.8k,23.9k,25k,26.1k,26.7k,27k,27.4k,27.9k,28.3k,28.9k,29.4k,29.1k,27.7k,27.3k
Estonia,,,,,,,,,,,,,,,,,,,,,,,,,,,,,,,,,,,,,,,,,9270,9510,7440,7110,7070,7660,8150,9090,9790,9970,11k,11.7k,12.5k,13.6k,14.6k,16k,17.6k,19.1k,18.4k,16.5k,17k
Ethiopia,287,322,327,349,349,357,362,354,368,363,385,393,399,405,413,431,440,451,464,473,460,471,481,481,474,455,449,442,421,446,463,457,442,448,425,411,417,346,439,406,413,376,336,371,369,388,420,428,399,412,415,432,427,406,429,475,514,558,602,641,681
Finland,6110,6640,6930,6740,7280,7800,7950,7890,7790,8320,9030,9660,9840,10.1k,10.6k,11.2k,11.4k,11.5k,11.7k,12.8k,13.8k,14.1k,14.9k,15.7k,16.5k,16.5k,16.2k,16.4k,16.6k,17.9k,18.9k,19.1k,19.7k,20.1k,20.7k,21k,21.5k,22.2k,23.5k,24.9k,24.5k,22.5k,21.4k,20.9k,21.7k,23k,23.5k,25.1k,26.6k,27.6k,28.9k,29.4k,29.8k,30.1k,31.4k,32.3k,33.6k,35.5k,35.5k,31.7k,33k
Fiji,,,,,,,,,,,1990,1980,1980,2080,2110,2020,1960,2180,2330,2340,2540,2720,2880,3260,3160,3120,3100,3230,3300,3740,3640,3570,3410,3140,3330,3450,3150,3090,3020,3250,3530,3390,3470,3520,3560,3710,3840,4000,3900,3890,4230,4120,4160,4250,4220,4430,4470,4390,4340,4210,4150
France,7080,7450,7680,7900,8230,8590,9030,9410,9490,9570,10.2k,10.6k,11.1k,11.7k,12.3k,12.7k,13.3k,13.8k,14.3k,15.2k,15.9k,16.6k,17.2k,18.2k,18.8k,18.5k,19.3k,19.9k,20.5k,21.1k,21.4k,21.4k,21.9k,21.9k,22.1k,22.4k,23k,23.5k,24.5k,25.2k,25.8k,25.8k,26k,25.6k,26.1k,26.5k,26.6k,27k,27.9k,28.7k,29.7k,30k,30.1k,30.2k,30.8k,31.2k,31.8k,32.4k,32.2k,31k,31.3k
"Micronesia, Fed. Sts.",,,,,,,,,,,,,,,,,,,,,2190,2170,2130,2740,3090,3000,2920,2900,2970,2950,2650,2820,2660,2620,2440,2750,2860,2810,2870,2800,2810,2900,2940,3060,3450,3570,3470,3270,3330,3370,3500,3560,3560,3630,3520,3590,3590,3520,3450,3480,3590
Gabon,,,,,,,,,,,4900,5550,5900,6180,6410,6840,7030,7200,7290,7820,8350,8980,9680,10.3k,13.9k,15.2k,19.4k,16.4k,12.2k,12.2k,12.5k,12.7k,11.9k,11.9k,12.6k,11.9k,11.3k,9170,10.3k,11.2k,11.6k,12.1k,11.4k,11.5k,11.9k,12.2k,12.2k,12.8k,12.5k,11k,10.9k,10.5k,10.2k,10.1k,9790,10.1k,9550,9900,9870,9490,9900
United Kingdom,9000,9390,9380,9800,10.1k,10.4k,10.4k,10.5k,10.5k,10.8k,11.2k,11.3k,11.4k,11.7k,12.3k,12.5k,12.7k,12.9k,13.3k,13.5k,13.8k,14.1k,14.6k,15.6k,15.5k,15.3k,15.8k,15.9k,16.5k,16.9k,16.7k,16.6k,17k,17.8k,18.4k,19.2k,20.2k,21.4k,22.6k,23.1k,23.2k,22.8k,22.8k,23.2k,24.1k,24.7k,25.4k,27k,28.1k,29k,30.1k,31k,31.7k,32.7k,33.5k,34k,34.7k,35.7k,35k,33.1k,34.3k
Georgia,,,,,,,,,,,,,,,,,,,,,,,,,,,,,,,,,,,,,,,,,,,,2130,1920,1930,2540,2620,2550,2570,2910,2890,3010,3180,3510,3730,4240,4610,4920,4960,5100
Ghana,,,,,,1140,1240,1190,1190,1280,1290,1270,1370,1350,1470,1240,1260,1150,1230,1260,1530,1620,1570,1570,1630,1400,1300,1320,1380,1360,1300,1240,1210,1060,1110,1130,1140,1140,1210,1260,1270,1320,1260,1260,1270,1280,1330,1350,1380,1420,1480,1480,1510,1550,1590,1660,1710,1750,1910,1950,2090
Guinea,,,,,,,,,,790,917,968,930,939,836,860,860,830,825,796,689,713,715,712,735,741,784,742,777,753,757,745,738,740,719,712,712,713,727,749,723,701,694,708,711,718,727,759,783,794,799,827,855,840,835,837,827,821,805,767,786
Gambia,,,,,,,,,,,1110,1040,987,1080,1100,1240,1260,1220,1280,1280,1290,1250,1210,1230,1310,1360,1280,1270,1330,1280,1230,1390,1460,1340,1340,1340,1320,1290,1340,1280,1270,1260,1250,1230,1220,1090,1150,1090,1120,1160,1220,1230,1220,1210,1130,1110,1140,1120,1200,1260,1270
Guinea-Bissau,,,,,,,,,,,780,720,733,818,880,879,812,912,921,1060,1190,1130,1140,1130,1120,1080,1070,1010,1150,1170,997,891,966,892,1000,1020,963,1000,1110,1100,1100,1100,1110,1050,1100,1090,1070,1150,796,839,824,767,769,759,761,775,781,803,817,865,799
Equatorial Guinea,,,,,,,,,,,629,623,616,654,676,671,698,735,748,760,758,813,785,927,1080,1310,1510,1610,1180,969,895,915,909,798,763,901,815,838,863,787,666,710,763,793,617,784,1510,3250,3790,4770,5940,8750,10.3k,11.2k,15k,14.9k,14.4k,15.2k,15.5k,15k,13.9k
Greece,,3950,3840,4170,4290,4500,4860,5170,5360,5510,5590,6330,6280,7050,7710,8520,8980,9360,10.1k,11.2k,12.2k,13.1k,14.4k,15.5k,14.3k,14.9k,15.8k,15.9k,16.9k,17.1k,17.1k,16.6k,16.3k,16k,16.2k,16.6k,16.6k,16.1k,17k,17.5k,17.4k,17.8k,17.8k,17.3k,17.6k,17.9k,18.3k,18.9k,19.6k,20.2k,21.1k,21.9k,22.5k,24k,24.9k,25.3k,26.8k,27.6k,27.4k,26.2k,25.2k
Grenada,,,,,,,,,,,,,,,,,,,,,2930,3110,3320,3600,3840,4000,4380,4620,5030,5380,5420,5380,5620,5770,6040,6480,6980,7780,8010,8580,9040,9240,9050,8690,8880,8960,9230,11.7k,12.5k,13.4k,14.7k,13.9k,14.1k,15.3k,14.3k,15.9k,15.4k,16k,16k,14.7k,14.7k
Guatemala,2770,2760,2770,2760,2650,2650,2770,2820,2860,2940,2940,3010,2980,3130,3150,3240,3390,3440,3750,3870,3990,4110,4390,4580,4770,4770,4910,5150,5290,5500,5670,5570,5340,5100,4960,4830,4720,4580,4570,4630,4680,4700,4740,4840,4880,4980,5050,5100,5150,5290,5380,5380,5470,5490,5530,5590,5770,6010,6080,6020,6090
Guyana,,,,,,,,,,,,,,,,,,,,,2690,2710,2630,2810,2670,2920,3380,3260,3040,3010,3090,3250,2820,2670,2360,2480,2370,2410,2320,2170,2000,2000,2300,2380,2670,2780,3020,3150,3160,3110,3160,3360,3320,3320,3400,3730,3680,4010,4110,4330,4480
"Hong Kong, China",,,,,,,,,,,3290,3370,3720,4570,5100,5800,6070,5880,5910,6450,6920,7450,8050,8810,8720,8760,9800,11k,11.9k,12.6k,13.7k,14.7k,14.9k,15.2k,16.2k,16.2k,17.6k,19.6k,21.1k,21.4k,22.3k,23.4k,24.6k,25.4k,26.6k,26.6k,26.9k,28k,25.9k,26.1k,28k,27.8k,28.1k,28.6k,30.6k,32.5k,34.7k,36.8k,37.3k,36.1k,38.7k
Honduras,2360,2360,2210,2290,1950,1930,2260,2190,2280,2350,2230,2190,2200,2110,2140,2300,2330,2340,2410,2350,2350,2570,2650,2640,2750,2850,2990,3020,3230,3380,3240,3360,3340,3190,3080,3160,3060,3150,3140,3210,3100,3010,3100,3100,2880,2950,3010,3090,3080,2860,2990,3000,3020,3070,3180,3300,3440,3610,3700,3550,3580
Croatia,,,,,,,,,,,,,,,,,,,,,,,,,,,,,,,,,,,,,,,,,12.9k,10.3k,8870,8230,8450,9240,9930,10.8k,11.1k,10.9k,11.3k,11.7k,12.3k,12.9k,13.4k,14k,14.7k,15.5k,15.8k,14.9k,14.7k
Haiti,,,,,,,,,,,1510,1430,1490,1440,1410,1420,1410,1320,1310,1320,1310,1330,1290,1310,1360,1360,1520,1530,1580,1630,1770,1710,1530,1510,1510,1500,1470,1410,1440,1350,1320,1320,1230,1290,1170,1300,1240,1250,1260,1310,1390,1350,1310,1310,1250,1270,1270,1270,1300,1340,1410
Hungary,,,,,,,,,,,,,,,,,,,,,7780,8340,8510,8860,9520,10000,10.2k,10.7k,11.3k,11.3k,11.3k,11.5k,11.7k,11.7k,11.9k,12k,12.3k,12.8k,12.7k,12.9k,12.5k,11.3k,11.1k,11.3k,11.6k,11.4k,11.3k,11.7k,12.3k,12.7k,13.3k,13.7k,14.5k,15.1k,15.8k,16.5k,17.1k,17.2k,17.4k,16.3k,16.6k
Indonesia,,,,,,,,,,,665,696,681,646,662,648,664,647,714,757,816,874,966,1080,1130,1160,1240,1320,1400,1430,1500,1550,1530,1630,1710,1730,1790,1840,1920,2020,2160,2310,2440,2570,2710,2880,3050,3140,2690,2650,2750,2810,2870,3030,3080,3220,3310,3410,3620,3810,3970
India,596,602,616,639,653,655,666,656,688,687,724,734,747,782,822,788,769,809,830,900,894,908,885,900,888,930,953,981,1040,998,1030,1080,1090,1110,1140,1200,1220,1260,1340,1380,1430,1390,1430,1430,1500,1610,1640,1680,1750,1910,1920,1980,2050,2140,2320,2490,2680,2920,2950,3210,3480
Ireland,6090,6350,6240,6500,6560,6930,6700,6520,6540,7010,7280,7700,7990,8350,8690,8900,8860,9270,10.1k,10.8k,10.9k,11.2k,11.9k,12.6k,12.7k,12.2k,12.6k,13.6k,14.5k,15.1k,14.7k,15.1k,14.8k,14.4k,14.7k,14.9k,14.8k,15.2k,15.9k,17.2k,18.7k,18.7k,18.8k,19.1k,20.2k,22.3k,24.2k,26.7k,28.6k,31.3k,34.2k,35.4k,36.9k,38.3k,39k,40.3k,41.2k,42.2k,40k,35.7k,34.9k
Iran,,,,,,2350,2600,3040,3370,3670,4100,4100,4460,4570,4710,5420,5630,6140,6750,7370,8480,9610,10.8k,11.4k,12k,11.3k,13.3k,11.4k,9600,8580,7060,5860,6350,6990,7030,6710,5850,5610,5170,5140,5790,6080,6590,6460,6780,6370,6610,6630,6940,7100,7340,7310,7610,8110,8330,8720,9160,9640,9490,9420,9430
Iraq,,,,,,,,,,,,,,,,,,,,,2760,2850,2660,3070,3200,3540,4130,4060,4640,5540,5370,4300,4120,3620,3500,3380,3540,4140,4140,3660,3540,1250,1520,2200,2020,1600,2320,2760,3630,4180,4120,4110,3700,2370,3610,3660,3910,3850,4020,4350,4530
Iceland,10.8k,10.4k,10.1k,11.4k,12.1k,13.3k,13.3k,13k,13.9k,14.1k,14.1k,13.7k,14.5k,15.9k,17.4k,18.3k,19.7k,19.7k,18.2k,17.8k,19.2k,22.9k,22.8k,24.5k,26.8k,25.3k,25.2k,28.4k,29.6k,30.5k,31.9k,33.3k,34.3k,30.5k,32.7k,32.8k,34.2k,38.5k,37.7k,36k,35.8k,35.8k,35.1k,35.9k,35.5k,35.4k,35.9k,36.4k,37.3k,36.7k,37.7k,38.1k,37.6k,37.4k,37.2k,40.5k,43k,44k,43.2k,37.6k,35.6k
Israel,4900,5260,4760,4550,5180,5710,6240,6150,6300,6750,6990,7600,8030,8470,8890,9300,9010,9080,10.5k,11.7k,12.3k,13.2k,14k,15.1k,15.4k,15.8k,15.1k,14.5k,15.1k,15.3k,15.2k,15.8k,15.9k,16.1k,15.9k,15.9k,16.2k,17.3k,17.4k,17k,17.9k,18.8k,19.4k,19.6k,20.2k,20.8k,21.3k,21.4k,21.7k,21.8k,23.2k,22.6k,21.9k,21.8k,22.5k,23.2k,24.1k,25.1k,25.6k,25.2k,26k
Italy,5240,5660,5870,6230,6460,6830,7070,7330,7610,8070,8720,9390,9930,10.4k,10.6k,10.8k,11.4k,12.2k,12.9k,13.6k,14.3k,14.4k,14.8k,15.8k,16.5k,15.7k,16.9k,17.1k,17.5k,18.6k,19.6k,19.6k,19.7k,19.7k,20.5k,21.1k,21.8k,22.5k,23.5k,24.2k,24.8k,25.2k,25.2k,24.8k,25.4k,26.2k,26.4k,26.9k,27.2k,27.7k,28.7k,29.1k,29.2k,29.1k,29.5k,29.6k,30.2k,30.5k,29.9k,28k,28.4k
Jamaica,,,,4270,4680,5060,5510,6110,6140,6220,6460,6680,6760,7090,7350,7470,7410,7330,7350,7550,8480,8660,9350,9330,8870,8710,8070,7780,7740,7510,7050,7160,7120,7230,7110,7060,6820,7330,7550,8040,8440,8440,9210,9330,9290,9250,9190,9010,8830,8770,8750,8820,8850,8940,8910,8990,9140,9160,9040,8720,8540
Jordan,,,,,2140,1620,2310,2200,2330,2710,2720,3180,3030,3060,3490,3710,3590,3640,3060,3140,2730,2750,2800,2460,2430,2300,2630,2780,3020,3300,3780,4280,4380,4110,4040,3690,3960,3830,3690,3040,2980,2790,3140,3230,3260,3400,3330,3310,3300,3350,3380,3480,3650,3720,3950,4250,4210,4240,4470,4350,4470
Japan,2790,3080,3370,3560,3700,3950,4190,4460,4640,5000,5590,6230,6720,7220,8000,8340,9160,10.1k,11.3k,12.6k,13.8k,14.2k,15.2k,16.2k,15.8k,15.9k,16.3k,16.9k,17.6k,18.5k,18.7k,19.3k,19.7k,20.1k,20.8k,21.9k,22.5k,23.4k,25k,26.3k,27.6k,28.4k,28.5k,28.4k,28.5k,28.9k,29.6k,30k,29.2k,29k,29.8k,29.7k,29.6k,30k,30.8k,31.4k,32k,32.8k,32.4k,30.1k,31.4k
Kazakhstan,,,,,,,,,,,,,,,,,,,,,,,,,,,,,,,,,,,,,,,,,,,,5940,5150,4570,4600,4570,4350,4580,4910,5570,6150,7220,8050,8790,9970,10.7k,11.2k,11.5k,12.3k
Kenya,971,1120,1020,948,1000,1030,1040,1060,1030,968,1020,965,1020,1020,1050,1070,1150,1160,1100,1130,1020,1050,1070,1040,1100,1040,1010,1050,1130,1120,1140,1100,1090,1040,1040,1010,1080,1110,1150,1170,1180,1160,1110,1080,1100,1120,1140,1090,1110,1130,1110,1090,1100,1130,1130,1140,1160,1200,1170,1160,1250
Kyrgyz Republic,,,,,,,,,,,,,,,,,,,,,,,,,,,,,,,,,,,,,,,,,,,,1980,1610,1320,1380,1550,1590,1600,1630,1710,1690,1840,1920,1890,1890,1990,2130,2100,2080
Cambodia,,,,,,,,,,,,,,,,,,,,,1050,993,931,747,701,701,727,642,663,581,536,521,506,512,528,541,543,659,739,726,705,728,753,829,827,814,830,859,888,973,1020,1090,1150,1230,1340,1490,1620,1710,1790,1880,1890
Kiribati,,,,,,,,,,,,,,,,,,,,,5800,5550,6110,7350,10.2k,10.5k,7530,7110,7230,6280,3620,3450,3770,3330,3490,3350,3340,3130,3570,3190,3220,3260,3160,3160,3230,3220,3330,3390,3630,3580,3710,3500,3690,3790,3710,3830,3880,3790,3870,3720,3670
St. Kitts and Nevis,,,,,,,,,,,,,,,,,,,,,1930,2070,2180,2280,2420,2500,2660,2820,3110,3360,3570,3730,3690,3610,4060,4350,4840,5220,5660,6140,6350,6440,6720,7060,7450,7540,7920,8430,8430,8670,8120,8600,8530,9140,10.1k,10.5k,10.6k,10.8k,11k,9940,9640
South Korea,,,,1490,1510,1620,1650,1730,1730,1700,1670,1700,1690,1810,1880,1930,2130,2200,2400,2680,2830,3040,3110,3410,3700,3810,4170,4570,5050,5500,5200,5410,5730,6300,6790,7220,7920,8710,9670,10.6k,11.6k,12.7k,13.1k,13.7k,14.8k,15.8k,16.9k,17.4k,15.5k,17.3k,18.7k,19.3k,20.6k,21k,21.8k,22.6k,23.6k,24.8k,25.3k,24.9k,26.6k
Kuwait,,,,,,,,,,,,,,,,,,,,,,,,,,,,,,,,,,,,,29.3k,28.8k,28.4k,33.3k,22.9k,31.2k,35.8k,45.4k,43.9k,44k,43.4k,41.2k,41.2k,36.5k,37.3k,36.7k,36.1k,42.4k,45.6k,48.9k,51.2k,51.5k,52.5k,44.3k,41.2k
Lao,,,,,,,,,,,,,,,,,,,,,564,580,588,626,635,662,679,659,658,639,699,796,816,824,836,917,934,892,877,961,989,1000,1040,1070,1120,1170,1240,1290,1260,1290,1370,1410,1470,1530,1610,1730,1870,2170,2310,2490,2620
Lebanon,,,,,,,,,,,,,,,,,,,,,10.8k,11.5k,12.7k,12.9k,12.6k,8570,3810,6660,6420,6740,6670,6820,3810,4880,7280,9450,8530,10.3k,7180,4030,5520,7430,7110,7680,8220,8680,8990,8340,8670,8300,8280,8670,8750,9010,9770,9780,10k,10.6k,11.3k,12.1k,12.7k
Liberia,,,,,,,,,,,,,,,,,,,,,1300,1320,1360,1410,1430,1200,1250,1300,1320,1100,1200,1070,1090,992,1030,987,804,922,944,927,511,528,321,209,167,161,177,337,390,455,538,542,549,381,381,378,396,451,442,442,459
Libya,,,,,,,,,,,,,,,,,,,,,,,,,,,,,,,,,,,,,17.1k,13.2k,14k,15k,18k,20.2k,19.5k,18.6k,16.9k,17.5k,16.6k,18.6k,15.7k,15.6k,17.1k,15.1k,15.1k,16.8k,17.6k,17.9k,19.2k,19.7k,19.6k,19.1k,19.5k
St. Lucia,,,,,,,,,,,,,,,,,,,,,3760,3860,3890,3880,4000,4160,4840,5050,5760,5760,5430,5530,5520,5470,5780,6180,7080,7170,8250,8950,9020,9050,9520,9310,9790,9580,10.3k,10.3k,10.8k,10.9k,10.8k,10.1k,10.1k,10.4k,10.9k,11.7k,12.5k,12.6k,12.3k,12.2k,12.4k
Sri Lanka,619,642,660,614,639,652,560,568,589,585,607,653,642,675,684,683,704,749,770,824,872,870,920,922,1010,1030,1090,1060,1250,1210,1320,1420,1480,1470,1490,1610,1640,1650,1670,1700,1850,1840,1980,2100,2190,2290,2370,2460,2560,2630,2730,2680,2770,2900,3020,3180,3380,3570,3760,3860,4070
Lesotho,,,,,,,,,,,395,396,441,475,500,500,500,542,528,520,520,454,531,655,683,613,692,785,912,772,723,721,726,666,658,694,692,710,754,796,823,810,801,851,887,892,962,1030,969,1020,1080,1050,1160,1190,1220,1180,1250,1340,1380,1370,1390
Lithuania,,,,,,,,,,,,,,,,,,,,,,,,,,,,,,,,,,,,,,,,,,,,8350,7240,7340,7710,8200,8710,8610,8930,9530,10.2k,11.3k,12.1k,13.1k,14.1k,15.4k,15.9k,13.8k,14.1k
Luxembourg,15.1k,14.1k,14.9k,15.3k,15k,15.6k,16.2k,17k,17.1k,17k,17.6k,18.1k,18.2k,18.3k,19.8k,19.8k,19.8k,19.7k,20.6k,22.9k,23.1k,23.5k,24.8k,26.7k,27.7k,25.3k,25.7k,26.2k,27.1k,27.9k,27.9k,27.6k,27.8k,28.7k,30.8k,31.8k,34.8k,35.9k,38.7k,42.5k,44.7k,48.2k,48.5k,50k,51.4k,51.4k,51.3k,53.7k,56.6k,60.9k,65.1k,66k,67.5k,68k,70.1k,73.2k,75.9k,80.2k,79.8k,74k,75.6k
Latvia,,,,,,,,,,,,,,,,,,,,,,,,,,,,,,,,,,,,,,,,,,,,5680,5890,6020,6310,6890,7160,7440,8000,8590,9280,9950,10.8k,12k,13.5k,14.9k,14.7k,12.4k,12.4k
"Macao, China",,,,,,,,,,,,,,,,,,,,,6420,6860,7470,8120,8840,9620,10.5k,11.4k,12.3k,13.2k,13.9k,14.8k,15.3k,15.6k,16.4k,16.3k,17k,18.6k,19.6k,20.2k,21.4k,21.4k,23.5k,24.3k,24.7k,25.2k,24.7k,24.3k,22.9k,21.9k,22.5k,22.8k,24.6k,28k,34.9k,36.9k,40.5k,44.2k,43.8k,43.7k,54.8k
Morocco,827,818,826,846,835,733,723,662,740,721,718,861,1010,1150,1220,1210,1160,1250,1350,1430,1470,1510,1450,1490,1510,1810,1960,2100,1950,1980,2040,1940,2080,1970,2020,2090,2190,2070,2230,2280,2330,2420,2280,2180,2350,2160,2390,2320,2480,2450,2450,2620,2680,2870,2990,3000,3210,3280,3450,3530,3620
Moldova,,,,,,,,,,,,,,,,,,,,,,,,,,,,,,,,,,,,,,,,,,,2220,2160,1630,1700,1660,1770,1650,1470,1560,1620,1780,1930,2030,2190,2300,2340,2520,2480,2640
Madagascar,,,,,,,,,,,1050,1080,1080,1000,1030,1010,1020,1080,1100,1110,1160,1100,1160,1150,1160,1150,1140,1130,1040,963,967,940,908,914,918,890,894,885,883,928,882,837,817,801,788,777,770,764,761,781,787,802,668,680,690,718,737,748,722,700,702
Maldives,,,,,,,,,,,,,,,,,,,,,729,739,733,727,751,670,655,707,788,849,979,1060,1000,1130,1390,1530,1600,1680,1750,1840,2050,2110,2140,2190,2260,2350,2540,2710,2920,2850,3090,3130,3270,3900,4210,4130,4290,4590,4620,4350,4010
Mexico,3640,3900,3930,3780,4080,4280,4490,4710,4750,4690,4940,4920,4940,5250,5790,5930,6110,6260,6620,6630,6850,6910,7290,7700,8020,8300,8400,8400,8910,9560,10.2k,10.9k,10.3k,9400,9540,9660,9020,8940,8890,9090,9430,9710,9950,9920,10.2k,9160,9510,10.1k,10.5k,10.8k,11.4k,11.2k,11.1k,11.1k,11.4k,11.6k,12.1k,12.4k,12.4k,11.4k,11.9k
Marshall Islands,,,,,,,,,,,,,,,,,,,,,4710,4610,4460,5730,6380,6170,6020,5990,6190,6180,5690,5970,6080,6720,6420,5870,7070,7560,7630,7260,7580,7230,7540,7880,8240,8810,7840,7330,6970,6680,6920,7050,7180,7240,7550,7530,7430,7360,7310,7000,6900
North Macedonia,,,,,,,,,,,,,,,,,,,,,,,,,,,,,,,,,,,,,,,,,6400,6130,5660,5650,5600,5480,5500,5500,5660,5890,6110,5850,5850,6030,6300,6570,6880,7260,7650,7540,7630
Mali,,,,,,,,,,,530,511,491,512,420,429,434,418,438,433,462,460,469,447,404,463,522,546,533,578,537,561,583,533,518,564,654,628,617,650,650,630,676,706,687,709,720,728,768,783,731,788,794,839,845,871,898,917,960,981,998
Malta,,,,,,,,,,,,,,,,,,,,,3730,3830,4120,4270,4690,5460,6450,7240,8090,8910,9130,9410,9570,9690,9880,10.2k,10.7k,11k,11.8k,12.6k,13.2k,13.9k,14.4k,15k,15.7k,16.3k,16.7k,17.4k,18.1k,18.8k,19.9k,19.4k,19.7k,19.8k,19.6k,20.3k,20.7k,21.5k,22.2k,21.5k,21.9k
Montenegro,,,,,,,,,,,,,,,,,,,,,,,,,,,,,,,,,,,,,,,,,7950,7000,5090,3160,3120,3470,4350,4580,4720,4220,4770,4800,5010,5210,5470,5740,6190,6820,7270,7040,7320
Mongolia,,,,,,,,,,,,,,,,,,,,,1760,1790,1800,1900,1920,1990,2010,2110,2200,2230,2310,2620,2870,2710,2770,2850,2680,2750,2780,2740,3090,2420,2030,1890,1920,2040,2020,2030,2110,2140,2220,2210,2270,2360,2540,2650,2880,3160,3420,3290,3520
Mozambique,,,,,,,,,,,309,308,328,327,334,331,327,357,363,379,353,371,378,384,398,403,412,400,390,388,406,388,363,316,324,306,290,306,327,351,347,357,333,348,340,326,365,395,425,435,437,488,532,559,595,629,668,704,727,755,781
Mauritania,,,,,,,,,,,621,531,567,626,958,1120,1110,1190,1330,1290,1420,1400,1460,1400,1490,1640,1750,1710,1620,1720,1500,1700,1590,1770,1510,1560,1680,1640,1570,1590,1590,1560,1550,1630,1600,1470,1650,1580,1600,1640,1590,1580,1550,1550,1590,1650,2010,1980,1950,1880,1940
Mauritius,2860,2900,2730,2710,2480,2520,2450,2480,2420,2410,2280,2380,2390,2540,2490,2430,2260,2400,2030,2090,2040,1970,2210,2490,2470,2800,3370,3490,3590,3650,3080,3280,3320,3300,3460,3670,4000,4380,4660,4810,5150,5270,5550,5750,5930,6090,6320,6660,6990,7090,7580,7560,7740,8190,8510,8360,8710,9250,9690,9890,10.2k
Malawi,,,,,285,308,309,337,336,297,331,364,331,330,329,400,452,431,432,468,522,584,625,594,638,665,651,673,766,722,729,602,589,604,614,616,592,554,524,531,511,554,474,539,453,497,477,492,472,479,465,431,440,450,472,481,507,551,589,618,655
Malaysia,,,,,,1330,1360,1340,1290,1370,1450,1520,1580,1640,1670,1750,1830,1850,1940,1980,2070,2500,2650,2940,3170,3060,3360,3560,3730,4030,4250,4410,4560,4710,4950,4690,4550,4670,5000,5400,5820,6270,6670,7200,7780,8460,9060,9480,8470,8800,9470,9160,9450,9700,10.2k,10.5k,10.9k,11.4k,11.7k,11.2k,12k
Namibia,,,,,,,,,,,2780,2740,3050,3170,3450,3490,3610,3570,3610,3780,4080,4140,4080,4090,4230,4170,4080,3950,4010,4040,4070,4280,4030,3750,3590,3130,3170,3890,3690,3560,3510,3430,3560,3230,3540,3650,3670,3580,3590,3570,3640,3840,3750,3870,4270,4250,4750,4630,4940,4670,4810
Niger,,,,,,,,,,,866,910,984,1050,1010,1020,994,993,992,903,943,945,898,771,816,777,776,832,890,931,859,787,773,745,576,631,602,568,605,581,554,546,528,517,510,504,511,497,541,528,492,507,513,513,492,503,511,509,534,511,522
Nigeria,1130,1180,1240,1240,1310,1300,1240,1250,1280,1320,1560,1480,1490,1570,1590,1530,1420,1160,1110,1290,1570,1740,1730,1800,1900,1800,1880,1840,1690,1640,1590,1510,1400,1270,1220,1280,1120,975,1020,1080,1170,1150,1100,1110,1080,1050,1080,1130,1120,1070,1110,1220,1250,1420,1580,1510,1650,1910,1930,1680,1690
Nicaragua,1930,2110,2400,2420,2630,2650,2590,2680,2590,2460,2490,2580,2810,2930,3180,3440,3470,3580,3480,3600,3540,3580,3570,3690,3870,4060,4150,4180,3840,2360,3050,3200,3060,3230,3230,3110,3060,3000,2410,2180,2110,1970,1890,1760,1770,1830,1890,1900,1930,2040,2070,2070,2040,2060,2130,2190,2240,2260,2280,2220,2290
Netherlands,10.1k,9910,9750,10.5k,11.3k,11.9k,12.6k,12.6k,12k,12.4k,13.4k,13.4k,14.1k,14.4k,15.4k,16k,16.2k,16.8k,17.8k,18.6k,19.6k,20k,20.2k,21.1k,21.9k,21.8k,22.7k,23.2k,23.7k,23.9k,24k,23k,22.6k,22.9k,23.5k,24k,24.6k,24.9k,25.5k,26.4k,27.3k,27.7k,28k,28.1k,28.7k,29.5k,30.4k,31.6k,32.7k,34.1k,35.2k,35.6k,35.4k,35.3k,35.8k,36.4k,37.5k,38.8k,39.3k,37.6k,38.2k
Norway,9650,9730,10.1k,10.8k,11.1k,11.3k,11.5k,11.8k,11.9k,12.1k,12.5k,13.2k,13.5k,13.9k,14.5k,15.3k,15.8k,16.8k,16.9k,17.4k,17.9k,18.9k,19.4k,20.4k,21.1k,22.1k,23.4k,24.1k,24.4k,25.2k,26.3k,26.6k,26.7k,27.3k,28.8k,30.3k,31.8k,31.9k,31.7k,32.1k,32.6k,33.4k,34.3k,35.1k,36.9k,38.4k,40.4k,42.8k,43.9k,44.2k,45.3k,45.8k,46.2k,46.3k,48.1k,49.3k,50.5k,51.8k,51.6k,50.4k,50.5k
Nepal,,,,,,,,,,,538,538,539,541,573,555,584,561,554,571,582,564,570,556,581,577,588,592,606,608,582,615,627,595,636,625,673,667,699,714,721,747,749,756,791,797,819,832,792,780,832,918,908,931,961,981,1000,1020,1070,1110,1150
New Zealand,11.7k,11.3k,11k,11k,12k,12.2k,12.2k,12.5k,12.3k,12.5k,14.3k,14.6k,14.6k,15.2k,15.7k,16.4k,17.1k,16k,15.8k,17.1k,16.9k,17.1k,17.7k,18.7k,19.2k,18.3k,18.2k,17.4k,17.2k,17.3k,17.2k,17.7k,17.7k,18.3k,19.1k,19.1k,19.3k,19.6k,19.9k,19.9k,19.8k,19.3k,19.3k,20.2k,21k,21.5k,21.9k,22.3k,22.5k,23.5k,23.9k,24.5k,25.3k,26k,26.6k,27.3k,27.6k,28.1k,27.6k,27.5k,27.8k
Oman,,,,,,,,,,,,,,,,,,,,,6110,6180,6250,5020,6720,8540,9410,10000,11.1k,10.6k,10.4k,11.7k,12.2k,12.8k,13.7k,15.7k,15.3k,13.2k,13.4k,13.3k,13.7k,14.1k,15k,15.6k,15.4k,15.4k,15.6k,16.9k,17.3k,16.6k,17k,17.7k,17.6k,17.5k,18.2k,17.9k,18.8k,20.1k,22.5k,21.4k,22.4k
Pakistan,631,624,620,652,632,617,638,625,622,633,617,646,656,704,740,801,795,827,865,851,963,946,947,991,1010,1000,1030,1040,1090,1070,1170,1190,1230,1270,1300,1370,1390,1430,1500,1530,1550,1570,1640,1640,1660,1710,1740,1720,1730,1760,1780,1760,1780,1820,1920,2030,2120,2190,2210,2250,2300
Panama,1830,1680,1830,1940,1890,2000,1980,2010,1900,1820,2140,2320,2490,2540,2590,2740,2900,3080,3300,3290,3420,3560,3540,3770,3620,3820,3890,4090,4260,4320,5200,5520,5690,5290,5310,5630,5750,5720,5220,5240,5530,6190,6280,6290,6260,6320,6250,6490,6760,6850,6950,6850,6850,6950,7390,7790,8330,9300,10.2k,10.3k,10.8k
Peru,2680,3040,3140,3100,3080,3250,3430,3430,3300,3120,3460,3640,3890,4050,4150,4300,4600,4640,4630,4710,4950,5030,5010,5200,5530,5570,5500,5340,5050,5140,5310,5460,5340,4570,4620,4610,5050,5420,4870,4080,3840,3850,3760,3860,4270,4550,4590,4830,4720,4700,4780,4730,4920,5050,5260,5560,5920,6370,6930,6890,7410
Philippines,1010,1020,1110,1170,1240,1260,1370,1340,1390,1470,1470,1510,1530,1600,1610,1650,1670,1700,1720,1740,1760,1810,1860,1990,2010,2130,2280,2330,2360,2390,2450,2500,2480,2500,2280,2030,2100,2090,2190,2270,2330,2270,2270,2280,2370,2370,2430,2560,2390,2410,2460,2490,2530,2600,2720,2790,2860,2990,3060,3030,3190
Palau,,,,,,,,,,,,,,,,,,,,,12.2k,12.2k,12k,11.9k,11.6k,11.5k,11.8k,12k,11.8k,11.8k,11.8k,11.7k,11.6k,11.7k,12.2k,13k,13.6k,14.2k,14.4k,14.6k,16.4k,16.1k,16.2k,11.9k,12.2k,13.9k,15.8k,15.7k,14.6k,13.2k,13.3k,14k,13.9k,13.3k,14k,14.1k,14.9k,15.1k,14.8k,15.1k,15.4k
Papua New Guinea,,,,,,,,,,,1450,1680,1740,1760,1840,1960,2010,2040,2070,2130,2180,2220,2480,2500,2510,2430,2250,2040,2120,2120,1970,1890,1820,1830,1800,1860,1940,1930,1880,1860,1790,1870,2130,2600,2590,2410,2520,2340,2370,2360,2220,2170,2190,2190,2200,2230,2260,2420,2530,2580,2780
Poland,,,,,,,,,,,,,,,,,,,,,6000,6400,6650,6870,7280,7630,8200,8670,9040,9280,8640,7950,7210,7550,7870,8040,8310,8430,8730,8710,7630,7460,7600,7910,8280,8790,9300,9900,10.3k,10.8k,11.3k,11.5k,11.7k,12.1k,12.8k,13.3k,14.1k,15k,15.8k,16.1k,16.7k
Puerto Rico,3260,3390,3630,3890,4040,4280,4530,4620,4960,5460,5700,6100,6570,6910,7380,7820,8320,8580,8690,9840,10.4k,10.9k,11.4k,11.3k,10.6k,10.6k,11.5k,12.1k,12.8k,12.7k,12.6k,12k,11.8k,12.7k,12.8k,13.8k,14.5k,15.5k,16.6k,17.4k,17.9k,18.2k,18.4k,19k,19.7k,19.4k,19.9k,21.1k,22.2k,23.1k,25.3k,25k,25.5k,26.3k,26.1k,26.1k,25.4k,24.6k,24k,23.3k,22.8k
Portugal,2710,2940,3060,3220,3330,3430,3570,3740,3730,3910,4180,4480,4700,4960,5180,5560,5730,6110,6920,7130,7770,8360,9030,10.2k,10.3k,9030,9510,10.1k,10.2k,10.7k,11.2k,11.4k,11.6k,11.3k,10.8k,11k,11.7k,12.6k,13.7k,14.3k,15.2k,15.7k,15.9k,15.6k,16.1k,16.3k,16.9k,17.6k,18.5k,19.2k,19.8k,20.1k,20.1k,19.7k,19.9k,19.9k,20.1k,20.6k,20.5k,19.6k,19.8k
Paraguay,,1730,1690,1610,1670,1750,1730,1760,1810,1780,1780,1860,1800,1810,1830,1880,1820,1930,1910,1940,2010,2050,2140,2210,2310,2430,2510,2690,2940,3380,3560,3670,3550,3390,3410,3490,3390,3400,3600,3790,3650,3590,3510,3570,3410,3490,3450,3490,3480,3480,3290,3310,3270,3340,3420,3440,3500,3660,3770,3620,4070
Qatar,,,,,,,,,,,,,,,,,,,,,,,,,,,,,,,,,,,,,44.6k,41.8k,43.5k,45k,46.1k,43.5k,47.6k,44.8k,44.5k,43k,42.6k,52.7k,59.7k,60.4k,62.5k,60.1k,60.6k,58.6k,69.2k,71.2k,81.5k,100k,110k,119k,136k
Romania,,,,,,,,,,,1360,1550,1680,1850,1920,2100,2210,2480,2590,2730,2910,3210,3530,3780,4280,4780,4970,5620,6390,6710,7030,6850,6900,7050,7330,7280,7450,7380,7240,6650,6390,5440,5010,5060,5230,5620,5840,5640,5620,5620,5830,6230,6580,6980,7730,8140,8860,9430,10.2k,9620,9380
Russia,,,,,,,,,,,,,,,,,,,,,,,,,,,,,,,,,,,,,,,,,12.4k,11.5k,9880,8430,8320,8060,7760,7860,7400,7710,8530,9070,9620,10.4k,11.3k,12.2k,13.2k,14.4k,15.1k,14.5k,15.1k
Rwanda,,,,,,,,,,,758,728,776,692,589,600,592,644,646,709,715,691,679,731,596,692,764,792,726,748,724,913,759,809,670,682,690,698,645,645,715,768,818,681,335,616,620,569,592,618,633,663,732,735,766,814,862,888,945,981,1030
Saudi Arabia,,,,,,,,,,,,,,,,,,,,,,,,,,,,,,,,,,,,,15.6k,13.9k,15.3k,14.5k,15.6k,17.8k,18.4k,17.8k,17.3k,17.2k,17.1k,17.3k,17.5k,16.7k,17k,16.6k,16.1k,17.6k,18.4k,19.6k,19.9k,20.4k,20.7k,19.8k,20.2k
Sudan,,,,,,,,,,,,,,,,,,,,,1120,1140,1030,970,1070,1180,1350,1460,1350,1220,1200,1230,1300,1190,1150,1120,1190,1210,1240,1210,1210,1250,1200,1170,1170,1180,1180,1250,1270,1380,1460,1500,1520,1580,1640,1830,1940,2010,2050,2210,2290
Senegal,,,,,,,,,,,1410,1410,1400,1340,1340,1340,1350,1290,1330,1210,1260,1220,1240,1140,1160,1220,1310,1250,1160,1230,1160,1110,1270,1260,1170,1190,1210,1220,1250,1200,1200,1170,1160,1110,1130,1140,1170,1180,1220,1270,1280,1310,1280,1330,1370,1420,1410,1440,1450,1440,1470
Singapore,,,,,,,,,,,4400,4510,4680,4870,4630,4780,5030,5320,5900,6390,7210,8040,8780,9600,10.5k,10.6k,11.1k,11.5k,12.5k,13.9k,15.3k,15.8k,16.5k,17.8k,18.8k,18k,18k,19.3k,20.4k,21.9k,23.6k,24.4k,25.3k,27.8k,29.2k,31.1k,32.8k,34.9k,32.4k,34.2k,37k,35.4k,36.3k,36.2k,39.9k,42k,45.1k,49.5k,50.4k,48.7k,55.8k
Solomon Islands,,,,,,,,,,,,,,,,,,,,,1210,1320,1220,1300,1510,1350,1470,1580,1650,1950,1750,1830,1750,1580,1620,1620,1590,1590,1590,1640,1680,1690,1760,1830,1930,2030,1730,1620,1640,1670,1400,1220,1200,1240,1300,1590,1560,1590,1830,1700,1980
Sierra Leone,,,,,,,,,,,,433,530,602,613,609,640,599,641,669,748,768,788,783,759,765,784,786,791,771,735,811,882,914,984,982,971,1020,994,981,958,829,755,811,857,800,602,514,512,476,477,531,636,641,684,727,777,808,830,848,932
El Salvador,2840,2880,3010,3160,3160,3220,3340,3400,3330,3290,3350,3310,3540,3570,3790,3890,4060,4090,4030,4060,4090,4150,4230,4400,4560,4650,4810,5090,5200,4780,4330,4070,3900,3820,3880,3920,3920,3910,3940,3970,3920,4000,4230,4480,4720,4990,4950,5060,5190,5270,5330,5420,5500,5600,5690,5890,6120,6360,6390,6080,6170
Somalia,,,,,,,,,,,,,,,,,,,,,740,779,800,819,875,876,737,776,863,722,664,646,700,638,636,678,690,695,608,696,690,689,643,646,498,487,490,464,459,459,454,453,453,454,452,452,452,452,453,457,462
Serbia,,,,,,,,,,,,,,,,,,,,,,,,,,,,,,,,,,,,,,,,,10.6k,9420,6800,4740,4860,5140,5380,5780,5850,5200,5520,5870,6100,6250,6770,7180,7580,8120,8600,8400,8600
Sao Tome and Principe,,,,,,,,,,,,,,,,,,,,,1310,1380,1380,1380,1400,1590,1610,1870,2000,2340,1810,1580,1600,1510,1410,1470,1360,1240,1150,1600,1530,1460,1440,1430,1330,1350,1360,1310,1290,1270,1390,1210,1210,1260,1290,1300,1440,1430,1540,1580,1620
Suriname,,,,,,,,,,,,,,,,,,,,,7330,7470,7970,7940,7330,8790,10k,10.6k,11.1k,10.6k,9900,10.9k,10.6k,9840,9710,11.2k,10.9k,10.1k,10.9k,10.7k,8130,8860,8590,6570,6720,6740,7800,8860,9340,6960,6630,6690,7360,8000,8360,9660,9860,10.6k,10.9k,10.7k,10.6k
Slovak Republic,,,,,,,,,,,,,,,,,,,,,,,,,,,,,,,,,,,,,,11.7k,11.9k,12.1k,11.9k,9570,8590,9490,9730,10.3k,11k,11.7k,12.2k,12.1k,12.3k,12.7k,13.3k,13.9k,14.5k,15.4k,16.6k,18.3k,19.4k,18.5k,19.3k
Slovenia,,,,,,,,,,,,,,,,,,,,,,,,,,,,,,,,,,,,,,,,,15.5k,13.9k,13k,13.8k,14.6k,15.5k,16k,16.8k,17.4k,18.4k,19.2k,19.7k,20.4k,21.1k,22.1k,22.9k,24.3k,26.2k,27.1k,24.5k,24.9k
Sweden,11k,11.3k,11.6k,11.8k,12.4k,12.7k,13k,13.1k,13.3k,13.9k,14.3k,15k,15.5k,16.3k,17.2k,17.7k,17.8k,18.2k,18.7k,19.4k,19.6k,19.4k,19.9k,20.5k,21.1k,21.6k,22k,21.4k,21.4k,22k,22.2k,22k,22.2k,22.2k,23k,23.6k,24.4k,25.4k,25.9k,26.4k,26.2k,25.8k,25.1k,24.3k,24.9k,25.7k,26k,26.6k,27.6k,28.8k,30k,30.3k,31k,31.7k,33k,34k,35.4k,36.5k,36.2k,34.3k,36.1k
Eswatini,,,,,,,,,,,,,,,,,,,,,1390,1330,1700,1620,2420,2770,2740,2650,2750,2560,2450,2540,2510,2800,2960,2900,3020,3520,3590,3690,3560,3520,3510,3520,3500,3650,3650,3650,3670,3490,3440,3250,2950,3340,3090,3280,3220,3300,3440,3660,3680
Seychelles,,,,,,,,,,,6020,5960,6350,7240,7290,5860,5670,6840,7770,7120,7880,8870,9280,9930,9890,10.2k,11.2k,12.1k,14.2k,16.1k,15.5k,14.7k,14.8k,14.8k,15k,16.3k,17.1k,17.1k,17.8k,19.9k,20.9k,21.2k,22.9k,24.2k,23.1k,22.3k,23k,24.4k,27.1k,26k,25.9k,26.8k,24.7k,21.8k,21.6k,22.9k,24.1k,25.8k,26.2k,27.4k,32.3k
Syria,,,,,,,,,,,1540,1520,2020,1780,1990,1930,1720,1770,1790,2070,1760,1830,2220,1950,2250,2610,2780,2510,2720,2690,2940,3160,3160,3090,2820,2860,2650,2670,3000,2470,2490,2600,2800,2880,3020,3140,3370,3490,3600,3440,3380,3460,3630,3430,3650,3720,3900,3830,3780,3800,3790
Chad,,,,,,,,,,,812,812,881,828,812,822,807,814,809,850,889,886,807,756,821,919,886,815,793,609,573,580,583,642,648,783,729,689,771,786,739,775,803,786,800,794,719,742,775,751,730,771,824,911,1240,1300,1260,1210,1180,1290,1330
Togo,,,,,,,,,,,710,790,787,792,857,946,1040,1090,1130,1210,1150,1210,1220,1130,1150,1130,1100,1150,1230,1280,1180,1070,998,911,924,918,932,880,919,922,947,921,851,720,811,825,851,841,807,809,777,745,717,738,733,725,738,730,722,722,733
Thailand,1020,939,889,779,826,742,751,830,820,884,962,983,1020,1080,1120,1170,1270,1320,1390,1450,1570,1660,1640,1750,1800,1860,1980,2150,2370,2320,2410,2560,2690,2680,2820,2980,3070,3250,3510,3860,4380,4710,5050,5360,5730,6050,6260,6070,5360,5570,5650,5830,6040,6420,6730,6970,7280,7590,7680,7580,8070
Tajikistan,,,,,,,,,,,,,,,,,,,,,,,,,,,,,,,,,,,,,,,,,,,,1800,1360,1070,819,1150,1060,993,1030,1090,1160,1320,1400,1490,1480,1620,1560,1730,1770
Turkmenistan,,,,,,,,,,,,,,,,,,,,,,,,,,,,,,,,,,,,,,,,,,,,10.1k,8220,7240,8070,6760,7220,8120,8740,8780,8700,8830,9140,10.3k,11.3k,12.3k,13.7k,14.5k,15.7k
Timor-Leste,,,,,,,,,,,,,,,,,,,,,,,,,,,,,,,,,,,,,,,,,,,,,,,,,,,1260,1320,1150,1040,873,919,841,890,977,1080,1120
Tonga,,,,,,,,,,,,,,,,,,,,,2990,3030,3020,3090,3140,3000,3300,3300,3350,3420,3960,4560,5290,5540,5500,5690,5880,5990,5990,6010,5750,6140,6360,6380,6730,6710,6770,7070,6660,7310,7520,7470,7540,7750,7780,7640,7730,7320,7750,7370,7540
Trinidad and Tobago,4410,4790,4930,4840,5010,5630,6030,6730,7280,7670,8170,8780,8830,8960,9370,9400,9540,9640,10.4k,10.8k,11.2k,11.3k,12.3k,12.1k,13.2k,13.7k,14.9k,15.4k,17.4k,17.6k,19.2k,18.8k,18.8k,16.7k,15.1k,13.8k,12.2k,11.4k,10.8k,10.5k,10.6k,10.9k,11k,10.7k,11.6k,12.2k,12k,12.7k,12.8k,13.4k,15.8k,15.5k,15k,19.9k,21.3k,23.3k,23.8k,26.7k,32.3k,30.6k,30.8k
Tunisia,,,,,,,,,,,,1810,1930,2120,2200,2200,2200,2170,2290,2330,2370,2640,3130,2850,3120,3140,3340,3360,3530,3680,3810,3990,3880,3930,3990,3970,3730,3750,3730,3840,4070,4100,4390,4390,4420,4470,4690,4890,5070,5310,5380,5540,5420,5520,5670,5670,5800,5940,6000,5990,6110
Turkey,2190,2650,2800,3070,2690,2880,2830,3360,3510,3330,3180,3220,3320,3570,3570,3580,3880,3930,4130,4230,4330,4520,4740,4760,4690,4940,5340,5660,5580,5410,5290,5220,5300,5480,5710,5720,5960,6180,6160,6080,6650,6640,6860,7360,6780,7090,7550,8050,8120,7800,8160,7590,7930,8270,8920,9530,10k,10.4k,10.3k,9740,10.4k
Taiwan,,1240,1340,1420,1510,1570,1590,1650,1710,1790,1860,1920,2010,2140,2320,2510,2660,2880,3070,3270,3540,3910,4340,4770,4800,4940,5510,5980,6660,7080,7430,7750,7890,8420,9070,9280,10.2k,11.2k,11.8k,12.8k,13.7k,14.6k,15.6k,16.5k,17.6k,18.5k,19.4k,20.3k,20.8k,21.9k,23k,22.3k,23.3k,24.1k,25.6k,26.7k,28k,29.6k,29.6k,28.8k,32.1k
Tanzania,,,,,,,,,,,388,387,404,406,477,488,511,541,570,556,612,637,646,626,635,655,640,642,659,661,665,594,581,564,555,562,600,635,687,694,745,751,731,713,684,672,664,670,694,710,725,752,790,834,882,932,975,1030,1090,1130,1180
Uganda,657,730,758,697,655,666,693,708,658,675,659,638,667,694,713,717,754,775,781,823,810,810,793,777,759,730,711,703,656,561,536,528,560,581,563,530,522,522,529,546,569,583,583,609,725,707,739,765,791,830,844,861,884,903,917,964,993,1020,1090,1110,1100
Ukraine,,,,,,,,,,,,,,,,,,,,,,,,,,,,,,,,,,,,,,,,,,,,5250,4280,3780,3420,3390,3420,3510,3730,4100,4410,4870,5560,5880,6420,7050,7420,6690,7050
Uruguay,4540,5260,4940,5020,5510,5460,5330,5490,4950,4830,5010,5040,4920,4740,4760,4620,4760,4610,4560,4900,5080,5120,4950,4940,5050,5420,5660,5810,6150,6690,7060,7000,6180,5410,5200,5190,5720,6320,6220,6190,6130,6470,7240,7520,8110,7970,8360,8780,9130,8840,8620,8260,7620,7720,8090,8710,9090,9740,10.6k,10.8k,11.7k
United States,13.1k,14.1k,14.6k,15k,14.4k,15.1k,15.1k,15.1k,14.7k,15.3k,15.4k,15.5k,16.2k,16.7k,17.4k,18.3k,19.3k,19.5k,20.3k,20.8k,20.4k,20.9k,21.8k,22.8k,22.4k,22.1k,23.1k,24k,25.1k,25.5k,25k,25.4k,24.7k,25.7k,27.4k,28.3k,29k,29.6k,30.5k,31.3k,31.4k,30.9k,31.6k,32.1k,33.1k,33.6k,34.5k,35.8k,37k,38.4k,39.6k,39.5k,39.8k,40.4k,41.5k,42.5k,43.2k,43.5k,42.7k,40.4k,41.4k
Uzbekistan,,,,,,,,,,,,,,,,,,,,,,,,,,,,,,,,,,,,,,,,,1930,1840,1620,1520,1400,1400,1380,1410,1460,1480,1560,1550,1620,1680,1790,1910,1970,2160,2300,2520,2680
St. Vincent and the Grenadines,,,,,,,,,,,,,,,,,,,,,2040,2110,2610,2290,2070,1870,2050,2100,2240,2390,2440,2540,2640,2730,2790,2840,3020,3240,3390,3860,4290,4450,4320,4400,4340,4560,4650,4930,5160,5310,5340,5380,5600,5800,6170,6320,6950,7170,7330,7190,6970
Venezuela,5490,5820,6280,6230,6540,6770,7160,7590,7430,7560,6990,7030,7420,7620,8250,8380,8070,8140,8550,8730,9310,9370,9280,9880,10.9k,10.7k,11.2k,11.5k,11.3k,10.9k,9950,9640,9190,8270,8380,8140,8460,8540,8890,7810,8130,8820,9180,9010,8590,8870,8700,9230,9190,8410,8640,8680,7910,7160,8270,8920,9480,9970,10.2k,9510,9070
Vietnam,,,,,,,,,,,,,,,,,,,,,554,561,559,538,537,540,585,647,645,675,638,661,699,731,776,799,809,818,823,855,907,950,1020,1060,1110,1190,1290,1370,1430,1470,1540,1610,1680,1770,1910,2090,2240,2310,2430,2550,2780
Vanuatu,,,,,,,,,,,,,,,,,,,,,3250,3230,3220,3650,4760,4400,4350,4180,4760,4770,4100,4150,4460,5460,5600,5370,5460,4830,4770,4780,4800,5160,5400,5530,5490,5620,5890,5560,5540,5190,5540,5080,5090,5190,5270,5330,5640,6050,6390,6430,6700
Samoa,,,,,,,,,,,,,,,,,,,,,3950,4390,4370,4650,4140,3960,4320,4220,4430,4970,4600,4140,4140,4080,4170,4330,4570,4600,4540,4810,4560,4390,4410,4560,4380,4580,4870,4800,4930,5020,5340,5700,5820,6080,6280,6540,6500,6870,6570,6400,6440
Yemen,,,,,,,,,,,,,,,,,,,,,,,,,,,,,,,,,,,,,,,,1330,1490,1400,1460,1450,1440,1640,1940,1990,2000,1990,2050,2110,2120,2160,2200,2240,2230,2270,2280,2300,2400
South Africa,3280,3330,3230,3430,3570,3610,3700,3790,3750,3810,3940,4090,4180,4390,4510,4590,4680,4820,4940,5040,5210,5320,5310,5410,5420,5520,5480,5520,5450,5600,6020,6040,5760,5910,5800,5520,5270,5280,5430,5500,5410,5270,5110,5120,5230,5390,5480,5570,5580,5680,5870,6000,6140,6240,6500,6770,7090,7440,7600,7300,7510
Zambia,,,,,,1200,1310,1370,1250,1360,1360,1340,1320,1330,1430,1540,1710,1950,1970,1750,1720,1740,1750,1530,1610,1540,1380,1310,1180,1190,1210,1200,1000,942,915,960,937,995,1030,943,902,850,800,786,739,965,946,1010,985,943,974,1030,1050,1010,1060,1070,1120,1410,1440,1400,1520
Zimbabwe,,,,,245,248,265,277,277,291,288,298,298,294,288,300,283,275,239,298,350,377,392,396,412,401,401,361,404,425,422,472,470,509,431,425,416,404,453,458,464,497,486,427,440,403,412,405,399,422,393,374,332,375,343,323,361,295,276,300,319
